http://www.yannistaverna.com/,https://www.yannistaverna.com/,https://www.yannistaverna.com/,https://cutt.ly/daftarmaha4d,https://cutt.ly/maha4d,https://cutt.ly/maha4d,https://www.yannistaverna.com/,https://www.yannistaverna.com/,https://www.yannistaverna.com/,https://www.yannistaverna.com/,https://www.yannistaverna.com/,https://www.yannistaverna.com/,https://www.yannistaverna.com/,https://www.yannistaverna.com/,https://www.yannistaverna.com/,https://www.yannistaverna.com/,https://cutt.ly/maha4d,https://cutt.ly/daftarmaha4d,https://api.whatsapp.com/send?phone=855312437704,https://secure.livechatinc.com/licence/12759861/v2/open_chat.cgi?
http://www.starbellysf.com/,#main-content,"https://maps.google.com/?q=3583+16th+St,+San+Francisco,+CA+94114,+USA&ftid=0x808f7e1c89dc2e5b:0xa1d14effd3552b22",tel:(415) 252-7500,/,/location/starbellysf/,/menus/,/group-events/,/pickup-and-delivery/,https://starbellysf.cardfoundry.com/giftcards.php,/reservations/,/,"https://maps.google.com/?q=3583+16th+St,+San+Francisco,+CA+94114,+USA&ftid=0x808f7e1c89dc2e5b:0xa1d14effd3552b22",tel:(415) 252-7500,/location/starbellysf/,/menus/,/group-events/,/pickup-and-delivery/,https://starbellysf.cardfoundry.com/giftcards.php,/buzz/,/jobs/,/contact/,/accessibility/,/button class=,/reservations/,https://www.toasttab.com/starbelly/v3/?mode=fulfillment,https://www.facebook.com/StarbellySF,http://instagram.com/starbellysf,"https://maps.google.com/?q=3583+16th+St,+San+Francisco,+CA+94114,+USA&ftid=0x808f7e1c89dc2e5b:0xa1d14effd3552b22",tel:(415) 252-7500,https://getbento.com/?utm_source=header&utm_campaign=starbellysf.com,/menu/brunch,/menu/lunch-brunch,/menu/dinner,/menu/beverages,tel:415252750,https://www.yelp.com/waitlist/starbelly-san-francisco?utm_source=starbelly-san-francisco&utm_medium=nw_restaurant_generic_flow/,https://backofthehouse.tripleseat.com/party_request/8147,/news-item/food/,/news-item/drink/,/news-item/space/,/news-item/chef/,/news-item/private-events/,/news-item/happening/,/reservations/,https://www.toasttab.com/starbelly/v3/?mode=fulfillment,https://www.facebook.com/StarbellySF,http://instagram.com/starbellysf,/buzz/,/jobs/,/contact/,/accessibility/,/button class=,https://www.starbellysf.com/privacy-policy,https://www.toasttab.com/starbelly/v3/?mode=fulfillment,https://getbento.com/?utm_source=footer&utm_campaign=starbellysf.com
http://www.manzonirestaurant.com/,#main,https://www.HugeDomains.com/index.cfm,tel:1-303-893-0552,tel:1-303-893-0552,https://www.HugeDomains.com/index.cfm,https://www.HugeDomains.com/faq.cfm,https://www.HugeDomains.com/about.cfm,https://www.HugeDomains.com/contact.cfm,https://www.HugeDomains.com/payment-plan-login.cfm,https://www.HugeDomains.com/my-favorites.cfm,https://www.HugeDomains.com/shopping_cart.cfm,https://www.HugeDomains.com/shopping_cart.cfm?d=ManzoniRestaurant&e=com,https://www.HugeDomains.com/payment-plan-setup.cfm?d=ManzoniRestaurant.com,https://www.HugeDomains.com/payment-plan-setup.cfm?d=ManzoniRestaurant.com,https://www.HugeDomains.com/shopping_cart.cfm?d=ManzoniRestaurant&e=com,https://www.HugeDomains.com/payment-plan-setup.cfm?d=ManzoniRestaurant.com,https://www.HugeDomains.com/payment-plan-setup.cfm?d=ManzoniRestaurant.com,https://www.HugeDomains.com/payment-plan-setup.cfm?d=ManzoniRestaurant.com,https://www.HugeDomains.com/shopping_cart.cfm?d=ManzoniRestaurant&e=com,https://www.HugeDomains.com/payment-plan-setup.cfm?d=ManzoniRestaurant.com,https://www.HugeDomains.com/payment-plan-setup.cfm?d=ManzoniRestaurant.com,tel:1-303-893-0552,https://www.HugeDomains.com/testimonials.cfm,https://www.HugeDomains.com/faq.cfm,#,https://www.HugeDomains.com/transfer-domain-to-godaddy.cfm,#,#,#,https://www.HugeDomains.com/payment-plans.cfm?d=ManzoniRestaurant.com,#,https://www.HugeDomains.com/faq.cfm,https://www.HugeDomains.com/domain_profile.cfm?d=SaltRestaurant.com,https://www.HugeDomains.com/domain_profile.cfm?d=SaltRestaurant.com,https://www.HugeDomains.com/domain_profile.cfm?d=JarRestaurant.com,https://www.HugeDomains.com/domain_profile.cfm?d=JarRestaurant.com,https://www.HugeDomains.com/domain_profile.cfm?d=RestaurantCosmos.com,https://www.HugeDomains.com/domain_profile.cfm?d=RestaurantCosmos.com,https://www.HugeDomains.com/domain_search.cfm?domain_name=Manzoni,https://www.HugeDomains.com/domain_search.cfm?domain_name=Restaurant,https://www.HugeDomains.com/shopping_cart.cfm?d=ManzoniRestaurant&e=com,https://www.HugeDomains.com/payment-plan-setup.cfm?d=ManzoniRestaurant.com,https://www.HugeDomains.com/contact.cfm,https://www.HugeDomains.com/index.cfm,https://www.HugeDomains.com/categories.cfm,https://www.HugeDomains.com/payment-plans.cfm,https://www.HugeDomains.com/payment-plan-login.cfm,https://www.HugeDomains.com/satisfaction_guaranteed.cfm,https://www.HugeDomains.com/escrow.cfm,https://www.HugeDomains.com/namebright.cfm,https://www.HugeDomains.com/testimonials.cfm,https://www.HugeDomains.com/buying_guide.cfm,https://www.HugeDomains.com/case-studies.cfm,https://www.HugeDomains.com/faq.cfm,https://www.HugeDomains.com/about.cfm,https://www.HugeDomains.com/contact.cfm,https://www.HugeDomains.com/terms.cfm,https://www.HugeDomains.com/privacy_policy.cfm,https://www.HugeDomains.com/buying_guide.cfm,https://www.HugeDomains.com/namebright.cfm,https://www.HugeDomains.com/escrow.cfm,tel:1-303-893-0552,https://www.HugeDomains.com/more-info.cfm
http://www.macaronigrill.com/,https://macaronigrill.fbmta.com/members/UpdateProfile.aspx?Action=Subscribe&_Theme=2147483913&Inputsource=W&_ga=2.137419832.989289297.1536072440-887341837.1532707403,#homebanners,https://macaronigrillcatering.olo.com/,https://order.macaronigrill.com,/,/,/menus/menu/dine-in/main,/menus/menu/dine-in/dolce,/menus/menu/dine-in/barra,/menus/menu/dine-in/kids,https://www.macaronigrill.com/Assets/macaroni-grill-allergen-nutritional-guide.pdf,/locations/all-locations,https://macaronigrill.fbmta.com/members/UpdateProfile.aspx?Action=Subscribe&_Theme=2147483913&Inputsource=W&_ga=2.137419832.989289297.1536072440-887341837.1532707403 ,/gift-cards,/groupdining,https://macaronigrillcatering.olo.com/,https://order.macaronigrill.com,/locations/all-locations,#carousel-example-generic,#carousel-example-generic,/locations/all-locations,#carousel-mobile-generic,#carousel-mobile-generic,http://macaronigrill.fbmta.com/members/UpdateProfile.aspx?Action=Subscribe&_Theme=2147483913&Inputsource=W,/app,https://www.instagram.com/explore/tags/macgrilldoodles/,https://www.instagram.com/explore/tags/macgrilldoodles/,/menus/menu/dine-in/main,https://order.macaronigrill.com,https://www.macaronigrill.com/Assets/macaroni-grill-allergen-nutritional-guide.pdf,/franchise-info,/employeehotline,/transparency-in-coverage,https://www.facebook.com/RomanosMacaroniGrill,https://twitter.com/MacaroniGrill,https://www.instagram.com/macaronigrill,https://get.adobe.com/reader/,/privacy-policy
https://www.pfchangs.com/locations/us/ca/pleasanton/1330-stoneridge-mall-rd/9819-pleasanton.html,#first-anchor,../../../../search.html,https://www.pfchangs.com/menu,https://www.pfchangs.com,https://order.pfchangs.com/store/9819,https://www.pfchangs.com/reservations,https://pfchangs.olo.express/,../../../../us.html,https://www.pfchangs.com/reservations,https://www.pfchangs.com/menu,https://www.pfchangs.com/rewards,https://www.pfchangs.com/takeout,https://www.pfchangs.com/gift-cards,https://www.pfchangs.com/catering,https://jobs.pfchangs.com/,https://www.facebook.com/pfchangs,https://twitter.com/pfchangs,https://www.instagram.com/pfchangs/,#skip-nav,../../../../us.html,../../../../us/ca.html,../../../../us/ca/pleasanton.html,https://www.pfchangs.com/docs/default-source/pdf/happy-hour-menu.pdf,https://www.pfchangs.com/menu?storeid=9819,https://order.pfchangs.com/store/9819,https://www.pfchangs.com/reservations?storeid=9819,https://www.pfchangs.com/docs/default-source/pdf/happy-hour-menu.pdf,tel:+19252249916,tel:+19252249916,https://maps.google.com/maps?cid=18254563197261980336,https://order.pfchangs.com/store/9819,https://smart.link/g8guqn1t125f8?creative_id=creative_name&device_id=device_id&site_id=send_date,https://smart.link/g8guqn1t125f8?creative_id=creative_name&device_id=device_id&site_id=send_date,https://www.pfchangs.com/rewards,https://www.pfchangs.com/catering,https://www.pfchangs.com/celebrations,https://www.pfchangs.com/gift-cards,https://www.pfcshop.com/,https://www.pfchangs.com/faq,https://www.pfchangs.com/menu,https://www.pfchangs.com/menu/gluten-free,https://order.pfchangs.com/,https://www.pfchangs.com/catering,https://pfchangs.com/rewards,../../../../us/ca/palo-alto/900-stanford-shopping-center/9911-palo-alto.html,tel:+16503301782,https://maps.google.com/maps?cid=18325138441629669728,../../../../us/ca/palo-alto/900-stanford-shopping-center/9911-palo-alto.html,../../../../us/ca/sunnyvale/390-w-el-camino-real/6900-sunnyvale.html,tel:+14089919078,https://maps.google.com/maps?cid=14784843622780679166,../../../../us/ca/sunnyvale/390-w-el-camino-real/6900-sunnyvale.html,../../../../us.html,../../../../us.html,../../../../us/ca.html,../../../../us/ca/pleasanton.html,https://www.pfchangs.com/menu,https://www.pfchangs.com/rewards,https://www.pfcshop.com/,https://www.pfchangs.com/takeout,https://www.pfchangs.com/celebrations,https://www.pfchangs.com/gift-cards,https://www.pfchangs.com/catering,https://jobs.pfchangs.com/,https://www.pfchangs.com/pf-changs-to-go,https://www.pfchangs.com/about-us/,https://www.pfchangs.com/media/,https://www.pfchangs.com/blog,https://www.pfchangs.com/faq/,https://www.pfchangs.com/contact-us/,../../../../us.html,https://www.pfchangs.com/global/locations,https://www.pfchangs.com/global/opportunities,https://www.facebook.com/pfchangs,https://twitter.com/pfchangs,https://www.instagram.com/pfchangs/,https://apps.apple.com/us/app/p-f-changs/id1474244475,https://play.google.com/store/apps/details?id=com.pfchangs.order,https://www.facebook.com/pfchangs,https://twitter.com/pfchangs,https://www.instagram.com/pfchangs/,https://www.pfchangs.com/terms-of-use/,https://www.pfchangs.com/privacy-policy/,https://www.pfchangs.com/sitemap/,https://privacy-pfchangs.truyo.com/consumer/index,https://www.pfchangs.com/privacy-policy#bookmark44
https://www.pfchangs.com/locations/us/ca/sunnyvale/390-w-el-camino-real/6900-sunnyvale.html,#first-anchor,../../../../search.html,https://www.pfchangs.com/menu,https://www.pfchangs.com,https://order.pfchangs.com/store/6900,https://www.pfchangs.com/reservations,https://pfchangs.olo.express/,../../../../us.html,https://www.pfchangs.com/reservations,https://www.pfchangs.com/menu,https://www.pfchangs.com/rewards,https://www.pfchangs.com/takeout,https://www.pfchangs.com/gift-cards,https://www.pfchangs.com/catering,https://jobs.pfchangs.com/,https://www.facebook.com/pfchangs,https://twitter.com/pfchangs,https://www.instagram.com/pfchangs/,#skip-nav,../../../../us.html,../../../../us/ca.html,../../../../us/ca/sunnyvale.html,https://www.pfchangs.com/docs/default-source/pdf/happy-hour-menu.pdf,https://www.pfchangs.com/menu?storeid=6900,https://order.pfchangs.com/store/6900,https://www.pfchangs.com/reservations?storeid=6900,https://www.pfchangs.com/docs/default-source/pdf/happy-hour-menu.pdf,tel:+14089919078,tel:+14089919078,https://maps.google.com/maps?cid=14784843622780679166,https://order.pfchangs.com/store/6900,https://smart.link/g8guqn1t125f8?creative_id=creative_name&device_id=device_id&site_id=send_date,https://smart.link/g8guqn1t125f8?creative_id=creative_name&device_id=device_id&site_id=send_date,https://www.pfchangs.com/rewards,https://www.pfchangs.com/catering,https://www.pfchangs.com/celebrations,https://www.pfchangs.com/gift-cards,https://www.pfcshop.com/,https://www.pfchangs.com/faq,https://www.pfchangs.com/menu,https://www.pfchangs.com/menu/gluten-free,https://order.pfchangs.com/,https://www.pfchangs.com/catering,https://pfchangs.com/rewards,../../../../us/ca/palo-alto/900-stanford-shopping-center/9911-palo-alto.html,tel:+16503301782,https://maps.google.com/maps?cid=18325138441629669728,../../../../us/ca/palo-alto/900-stanford-shopping-center/9911-palo-alto.html,../../../../us/ca/pleasanton/1330-stoneridge-mall-rd/9819-pleasanton.html,tel:+19252249916,https://maps.google.com/maps?cid=18254563197261980336,../../../../us/ca/pleasanton/1330-stoneridge-mall-rd/9819-pleasanton.html,../../../../us.html,../../../../us.html,../../../../us/ca.html,../../../../us/ca/sunnyvale.html,https://www.pfchangs.com/menu,https://www.pfchangs.com/rewards,https://www.pfcshop.com/,https://www.pfchangs.com/takeout,https://www.pfchangs.com/celebrations,https://www.pfchangs.com/gift-cards,https://www.pfchangs.com/catering,https://jobs.pfchangs.com/,https://www.pfchangs.com/pf-changs-to-go,https://www.pfchangs.com/about-us/,https://www.pfchangs.com/media/,https://www.pfchangs.com/blog,https://www.pfchangs.com/faq/,https://www.pfchangs.com/contact-us/,../../../../us.html,https://www.pfchangs.com/global/locations,https://www.pfchangs.com/global/opportunities,https://www.facebook.com/pfchangs,https://twitter.com/pfchangs,https://www.instagram.com/pfchangs/,https://apps.apple.com/us/app/p-f-changs/id1474244475,https://play.google.com/store/apps/details?id=com.pfchangs.order,https://www.facebook.com/pfchangs,https://twitter.com/pfchangs,https://www.instagram.com/pfchangs/,https://www.pfchangs.com/terms-of-use/,https://www.pfchangs.com/privacy-policy/,https://www.pfchangs.com/sitemap/,https://privacy-pfchangs.truyo.com/consumer/index,https://www.pfchangs.com/privacy-policy#bookmark44
https://www.pfchangs.com/locations/us/ca/palo-alto/900-stanford-shopping-center/9911-palo-alto.html,#first-anchor,../../../../search.html,https://www.pfchangs.com/menu,https://www.pfchangs.com,https://order.pfchangs.com/store/9911,https://www.pfchangs.com/reservations,https://pfchangs.olo.express/,../../../../us.html,https://www.pfchangs.com/reservations,https://www.pfchangs.com/menu,https://www.pfchangs.com/rewards,https://www.pfchangs.com/takeout,https://www.pfchangs.com/gift-cards,https://www.pfchangs.com/catering,https://jobs.pfchangs.com/,https://www.facebook.com/pfchangs,https://twitter.com/pfchangs,https://www.instagram.com/pfchangs/,#skip-nav,../../../../us.html,../../../../us/ca.html,../../../../us/ca/palo-alto.html,https://www.pfchangs.com/docs/default-source/pdf/happy-hour-menu.pdf,https://www.pfchangs.com/menu?storeid=9911,https://order.pfchangs.com/store/9911,https://www.pfchangs.com/reservations?storeid=9911,https://www.pfchangs.com/docs/default-source/pdf/happy-hour-menu.pdf,tel:+16503301782,tel:+16503301782,https://maps.google.com/maps?cid=18325138441629669728,https://order.pfchangs.com/store/9911,https://smart.link/g8guqn1t125f8?creative_id=creative_name&device_id=device_id&site_id=send_date,https://smart.link/g8guqn1t125f8?creative_id=creative_name&device_id=device_id&site_id=send_date,https://www.pfchangs.com/rewards,https://www.pfchangs.com/catering,https://www.pfchangs.com/celebrations,https://www.pfchangs.com/gift-cards,https://www.pfcshop.com/,https://www.pfchangs.com/faq,https://www.pfchangs.com/menu,https://www.pfchangs.com/menu/gluten-free,https://order.pfchangs.com/,https://www.pfchangs.com/catering,https://pfchangs.com/rewards,../../../../us/ca/sunnyvale/390-w-el-camino-real/6900-sunnyvale.html,tel:+14089919078,https://maps.google.com/maps?cid=14784843622780679166,../../../../us/ca/sunnyvale/390-w-el-camino-real/6900-sunnyvale.html,../../../../us/ca/pleasanton/1330-stoneridge-mall-rd/9819-pleasanton.html,tel:+19252249916,https://maps.google.com/maps?cid=18254563197261980336,../../../../us/ca/pleasanton/1330-stoneridge-mall-rd/9819-pleasanton.html,../../../../us.html,../../../../us.html,../../../../us/ca.html,../../../../us/ca/palo-alto.html,https://www.pfchangs.com/menu,https://www.pfchangs.com/rewards,https://www.pfcshop.com/,https://www.pfchangs.com/takeout,https://www.pfchangs.com/celebrations,https://www.pfchangs.com/gift-cards,https://www.pfchangs.com/catering,https://jobs.pfchangs.com/,https://www.pfchangs.com/pf-changs-to-go,https://www.pfchangs.com/about-us/,https://www.pfchangs.com/media/,https://www.pfchangs.com/blog,https://www.pfchangs.com/faq/,https://www.pfchangs.com/contact-us/,../../../../us.html,https://www.pfchangs.com/global/locations,https://www.pfchangs.com/global/opportunities,https://www.facebook.com/pfchangs,https://twitter.com/pfchangs,https://www.instagram.com/pfchangs/,https://apps.apple.com/us/app/p-f-changs/id1474244475,https://play.google.com/store/apps/details?id=com.pfchangs.order,https://www.facebook.com/pfchangs,https://twitter.com/pfchangs,https://www.instagram.com/pfchangs/,https://www.pfchangs.com/terms-of-use/,https://www.pfchangs.com/privacy-policy/,https://www.pfchangs.com/sitemap/,https://privacy-pfchangs.truyo.com/consumer/index,https://www.pfchangs.com/privacy-policy#bookmark44
http://www.kenzonapa.com/,https://userway.org,#contentWrapper,/about,/menu,/dining-experience,/news,/kenzo-estate,/reservations,/,/ja,#,/about,/menu,/dining-experience,/news,/kenzo-estate,/reservations,/,/ja,/,#homepage-news,/menu,/dining-experience,mailto:reservations@kenzonapa.com,https://www.facebook.com/kenzonaparestaurant/,https://twitter.com/kenzonapa,https://www.instagram.com/kenzonaparestaurant/,/site-index,www.kenzonapa.com,www.kenzoestate.com,https://guide.michelin.com/us/en/article/michelin-star-revelation/michelin-guide-california-stars,#top
http://monsoonhimalayancuisine.com/
http://www.risepizzeria.com/,#main-content,https://maps.google.com/?cid=7588653503013514330,tel:(650) 235-9715,/,/location/hours-and-location/,/menus/,/table-reservations/,/private-events/,/catering/,https://www.toasttab.com/rise-pizzeria-2-n-b-st/giftcards?utmCampaign=onlineOrdering,/gift_card_terms_conditions/,/holiday_bonus/,https://www.toasttab.com/rise-pizzeria-2-n-b-st/v3,/,https://maps.google.com/?cid=7588653503013514330,tel:(650) 235-9715,/location/hours-and-location/,/menus/,/table-reservations/,/private-events/,/catering/,https://www.toasttab.com/rise-pizzeria-2-n-b-st/giftcards?utmCampaign=onlineOrdering,/gift_card_terms_conditions/,/holiday_bonus/,/jobs/,/contact/,https://www.toasttab.com/rise-pizzeria-2-n-b-st/v3,https://www.facebook.com/risepizzeria/,https://twitter.com/risepizzeria?lang=en,https://www.instagram.com/risepizzeria/,https://foursquare.com/v/rise-pizzeria/5844db551b36d42af4d44133,https://www.yelp.com/biz/rise-pizzeria-burlingame-3,https://www.tripadvisor.com/Restaurant_Review-g32124-d13223551-Reviews-Rise_Pizzeria-Burlingame_California.html,mailto:info@risepizzeria.com,https://maps.google.com/?cid=7588653503013514330,tel:(650) 235-9715,https://getbento.com/?utm_source=header&utm_campaign=risepizzeria.com,/menus,https://www.risepizzeria.com/private-events/,tel:(650) 235-9715,https://www.toasttab.com/rise-pizzeria-2-n-b-st/v3,https://www.facebook.com/risepizzeria/,https://twitter.com/risepizzeria?lang=en,https://www.instagram.com/risepizzeria/,https://foursquare.com/v/rise-pizzeria/5844db551b36d42af4d44133,https://www.yelp.com/biz/rise-pizzeria-burlingame-3,https://www.tripadvisor.com/Restaurant_Review-g32124-d13223551-Reviews-Rise_Pizzeria-Burlingame_California.html,mailto:info@risepizzeria.com,/jobs/,/contact/,https://getbento.com/?utm_source=footer&utm_campaign=risepizzeria.com
