http://www.yannistaverna.com/,,,,,https://cutt.ly/daftarmaha4d,https://secure.livechatinc.com/licence/12759861/v2/open_chat.cgi?,https://api.whatsapp.com/send?phone=855312437704,https://cutt.ly/maha4d,https://www.yannistaverna.com/
http://www.starbellysf.com/,"https://maps.google.com/?q=3583+16th+St,+San+Francisco,+CA+94114,+USA&ftid=0x808f7e1c89dc2e5b:0xa1d14effd3552b22",,https://www.facebook.com/StarbellySF,,https://backofthehouse.tripleseat.com/party_request/8147,https://www.toasttab.com/starbelly/v3/?mode=fulfillment,https://getbento.com/?utm_source=header&utm_campaign=starbellysf.com,http://instagram.com/starbellysf,https://www.starbellysf.com/privacy-policy,https://getbento.com/?utm_source=footer&utm_campaign=starbellysf.com,https://starbellysf.cardfoundry.com/giftcards.php,https://www.yelp.com/waitlist/starbelly-san-francisco?utm_source=starbelly-san-francisco&utm_medium=nw_restaurant_generic_flow/
http://www.manzonirestaurant.com/,,,,,https://www.HugeDomains.com/namebright.cfm,https://www.HugeDomains.com/domain_profile.cfm?d=SaltRestaurant.com,https://www.HugeDomains.com/domain_profile.cfm?d=RestaurantCosmos.com,https://www.HugeDomains.com/terms.cfm,https://www.HugeDomains.com/my-favorites.cfm,https://www.HugeDomains.com/shopping_cart.cfm,https://www.HugeDomains.com/escrow.cfm,https://www.HugeDomains.com/satisfaction_guaranteed.cfm,https://www.HugeDomains.com/transfer-domain-to-godaddy.cfm,https://www.HugeDomains.com/testimonials.cfm,https://www.HugeDomains.com/payment-plans.cfm?d=ManzoniRestaurant.com,https://www.HugeDomains.com/about.cfm,https://www.HugeDomains.com/more-info.cfm,https://www.HugeDomains.com/contact.cfm,https://www.HugeDomains.com/index.cfm,https://www.HugeDomains.com/domain_profile.cfm?d=JarRestaurant.com,https://www.HugeDomains.com/payment-plan-login.cfm,https://www.HugeDomains.com/domain_search.cfm?domain_name=Restaurant,https://www.HugeDomains.com/privacy_policy.cfm,https://www.HugeDomains.com/buying_guide.cfm,https://www.HugeDomains.com/case-studies.cfm,https://www.HugeDomains.com/payment-plans.cfm,https://www.HugeDomains.com/categories.cfm,https://www.HugeDomains.com/payment-plan-setup.cfm?d=ManzoniRestaurant.com,https://www.HugeDomains.com/faq.cfm,https://www.HugeDomains.com/domain_search.cfm?domain_name=Manzoni,https://www.HugeDomains.com/shopping_cart.cfm?d=ManzoniRestaurant&e=com
http://www.macaronigrill.com/,,https://www.instagram.com/macaronigrill,https://www.facebook.com/RomanosMacaroniGrill,https://twitter.com/MacaroniGrill,https://order.macaronigrill.com,https://get.adobe.com/reader/,https://macaronigrill.fbmta.com/members/UpdateProfile.aspx?Action=Subscribe&_Theme=2147483913&Inputsource=W&_ga=2.137419832.989289297.1536072440-887341837.1532707403 ,http://macaronigrill.fbmta.com/members/UpdateProfile.aspx?Action=Subscribe&_Theme=2147483913&Inputsource=W,https://www.macaronigrill.com/Assets/macaroni-grill-allergen-nutritional-guide.pdf,https://macaronigrillcatering.olo.com/,https://macaronigrill.fbmta.com/members/UpdateProfile.aspx?Action=Subscribe&_Theme=2147483913&Inputsource=W&_ga=2.137419832.989289297.1536072440-887341837.1532707403
https://www.pfchangs.com/locations/us/ca/pleasanton/1330-stoneridge-mall-rd/9819-pleasanton.html,https://maps.google.com/maps?cid=14784843622780679166,https://www.instagram.com/pfchangs/,https://www.facebook.com/pfchangs,https://twitter.com/pfchangs,https://www.pfchangs.com/media/,https://www.pfchangs.com/reservations,https://www.pfchangs.com,https://play.google.com/store/apps/details?id=com.pfchangs.order,https://order.pfchangs.com/,https://www.pfchangs.com/celebrations,https://www.pfchangs.com/faq/,https://jobs.pfchangs.com/,https://www.pfchangs.com/privacy-policy#bookmark44,https://www.pfchangs.com/blog,https://www.pfcshop.com/,https://www.pfchangs.com/global/opportunities,https://www.pfchangs.com/docs/default-source/pdf/happy-hour-menu.pdf,https://www.pfchangs.com/contact-us/,https://smart.link/g8guqn1t125f8?creative_id=creative_name&device_id=device_id&site_id=send_date,https://www.pfchangs.com/menu/gluten-free,https://www.pfchangs.com/faq,https://pfchangs.olo.express/,https://www.pfchangs.com/pf-changs-to-go,https://www.pfchangs.com/about-us/,https://www.pfchangs.com/gift-cards,https://www.pfchangs.com/privacy-policy/,https://www.pfchangs.com/rewards,https://www.pfchangs.com/sitemap/,https://www.pfchangs.com/menu?storeid=9819,https://apps.apple.com/us/app/p-f-changs/id1474244475,https://www.pfchangs.com/terms-of-use/,https://order.pfchangs.com/store/9819,https://www.pfchangs.com/catering,https://privacy-pfchangs.truyo.com/consumer/index,https://pfchangs.com/rewards,https://www.pfchangs.com/menu,https://www.pfchangs.com/reservations?storeid=9819,https://www.pfchangs.com/takeout,https://www.pfchangs.com/global/locations
https://www.pfchangs.com/locations/us/ca/sunnyvale/390-w-el-camino-real/6900-sunnyvale.html,https://maps.google.com/maps?cid=14784843622780679166,https://www.instagram.com/pfchangs/,https://www.facebook.com/pfchangs,https://twitter.com/pfchangs,https://www.pfchangs.com/media/,https://www.pfchangs.com/reservations,https://www.pfchangs.com,https://play.google.com/store/apps/details?id=com.pfchangs.order,https://order.pfchangs.com/,https://www.pfchangs.com/celebrations,https://www.pfchangs.com/faq/,https://jobs.pfchangs.com/,https://www.pfchangs.com/privacy-policy#bookmark44,https://www.pfchangs.com/blog,https://www.pfcshop.com/,https://www.pfchangs.com/global/opportunities,https://www.pfchangs.com/docs/default-source/pdf/happy-hour-menu.pdf,https://www.pfchangs.com/contact-us/,https://smart.link/g8guqn1t125f8?creative_id=creative_name&device_id=device_id&site_id=send_date,https://www.pfchangs.com/menu/gluten-free,https://www.pfchangs.com/faq,https://pfchangs.olo.express/,https://www.pfchangs.com/pf-changs-to-go,https://www.pfchangs.com/about-us/,https://www.pfchangs.com/gift-cards,https://www.pfchangs.com/privacy-policy/,https://www.pfchangs.com/menu?storeid=6900,https://www.pfchangs.com/rewards,https://www.pfchangs.com/sitemap/,https://apps.apple.com/us/app/p-f-changs/id1474244475,https://www.pfchangs.com/terms-of-use/,https://www.pfchangs.com/catering,https://order.pfchangs.com/store/6900,https://www.pfchangs.com/reservations?storeid=6900,https://pfchangs.com/rewards,https://privacy-pfchangs.truyo.com/consumer/index,https://www.pfchangs.com/menu,https://www.pfchangs.com/takeout,https://www.pfchangs.com/global/locations
https://www.pfchangs.com/locations/us/ca/palo-alto/900-stanford-shopping-center/9911-palo-alto.html,https://maps.google.com/maps?cid=14784843622780679166,https://www.instagram.com/pfchangs/,https://www.facebook.com/pfchangs,https://twitter.com/pfchangs,https://www.pfchangs.com/media/,https://www.pfchangs.com/reservations,https://www.pfchangs.com,https://play.google.com/store/apps/details?id=com.pfchangs.order,https://order.pfchangs.com/store/9911,https://order.pfchangs.com/,https://www.pfchangs.com/celebrations,https://www.pfchangs.com/faq/,https://jobs.pfchangs.com/,https://www.pfchangs.com/privacy-policy#bookmark44,https://www.pfchangs.com/blog,https://www.pfcshop.com/,https://www.pfchangs.com/global/opportunities,https://www.pfchangs.com/docs/default-source/pdf/happy-hour-menu.pdf,https://www.pfchangs.com/contact-us/,https://smart.link/g8guqn1t125f8?creative_id=creative_name&device_id=device_id&site_id=send_date,https://www.pfchangs.com/menu/gluten-free,https://www.pfchangs.com/faq,https://pfchangs.olo.express/,https://www.pfchangs.com/pf-changs-to-go,https://www.pfchangs.com/about-us/,https://www.pfchangs.com/gift-cards,https://www.pfchangs.com/privacy-policy/,https://www.pfchangs.com/rewards,https://www.pfchangs.com/sitemap/,https://www.pfchangs.com/menu?storeid=9911,https://apps.apple.com/us/app/p-f-changs/id1474244475,https://www.pfchangs.com/terms-of-use/,https://www.pfchangs.com/catering,https://www.pfchangs.com/reservations?storeid=9911,https://privacy-pfchangs.truyo.com/consumer/index,https://pfchangs.com/rewards,https://www.pfchangs.com/menu,https://www.pfchangs.com/takeout,https://www.pfchangs.com/global/locations
http://www.kenzonapa.com/,,https://www.instagram.com/kenzonaparestaurant/,https://www.facebook.com/kenzonaparestaurant/,https://twitter.com/kenzonapa,https://userway.org,https://guide.michelin.com/us/en/article/michelin-star-revelation/michelin-guide-california-stars
http://monsoonhimalayancuisine.com/,,,,
http://www.risepizzeria.com/,https://maps.google.com/?cid=7588653503013514330,https://www.instagram.com/risepizzeria/,https://www.facebook.com/risepizzeria/,https://twitter.com/risepizzeria?lang=en,https://www.toasttab.com/rise-pizzeria-2-n-b-st/v3,https://www.tripadvisor.com/Restaurant_Review-g32124-d13223551-Reviews-Rise_Pizzeria-Burlingame_California.html,https://getbento.com/?utm_source=footer&utm_campaign=risepizzeria.com,https://www.yelp.com/biz/rise-pizzeria-burlingame-3,https://getbento.com/?utm_source=header&utm_campaign=risepizzeria.com,https://www.risepizzeria.com/private-events/,https://foursquare.com/v/rise-pizzeria/5844db551b36d42af4d44133,https://www.toasttab.com/rise-pizzeria-2-n-b-st/giftcards?utmCampaign=onlineOrdering
