http://www.yannistaverna.com/,,,,,https://www.yannistaverna.com/,https://ranchforkids.org/,https://cutt.ly/daftarmaha4d,https://secure.livechatinc.com/licence/12759861/v2/open_chat.cgi?,https://cutt.ly/rtpdemoslot,https://cutt.ly/maha4d
http://www.starbellysf.com/,"https://maps.google.com/?q=3583+16th+St,+San+Francisco,+CA+94114,+USA&ftid=0x808f7e1c89dc2e5b:0xa1d14effd3552b22",,,,https://www.linkedin.com/company/bentobox/,https://www.getbento.com/sign-up/,https://starbellysf.cardfoundry.com/giftcards/store,https://www.yelp.com/waitlist/starbelly-san-francisco?utm_source=starbelly-san-francisco&utm_medium=nw_restaurant_generic_flow/,https://www.starbellysf.com/privacy-policy,https://www.getbento.com/resources/demo/platform-demo,https://careers.getbento.com/,https://www.toasttab.com/starbelly/v3/?mode=fulfillment,https://starbellysf.cardfoundry.com/giftcards/wcag_version,https://backofthehouse.tripleseat.com/party_request/8147,https://status.getbento.com/,https://starbellysf.cardfoundry.com/giftcards.php,https://getbento.com/?utm_source=footer&utm_campaign=starbellysf.com,https://help.getbento.com/hc/en-us,https://getbento.com/?utm_source=header&utm_campaign=starbellysf.com,https://support.google.com/maps/?hl=en&authuser=0&p=no_javascript,https://getbento.com/referral-terms,https://www.getbento.com/resources/referral-partner-program/,https://www.getbento.com/bento-promotions/,http://www.getbento.com/products/online-ordering/,https://media-cdn.getbento.com/accounts/a27b1994c4b054cb40a3ebdc9a0f150c/media/6wEOy2epTHGdHumL9dyM_Starbelly%20-%20Authorized%20Agent%20Designation%20Form.pdf,http://www.getbento.com/products/restaurant-websites/,https://getbento.com/login/,http://www.starbellysf.com/,https://www.getbento.com/bentobox-support/,https://www.getbento.com/resources/referral-program/,https://www.getbento.com/case-studies/harborview-san-francisco-restaurant-website/
http://www.manzonirestaurant.com/,,,,
http://www.macaronigrill.com/,,,,,https://order.macaronigrill.com,http://www.macaronigrill.com/ethicshotline,http://www.macaronigrill.com/menus/menu/dine-in/main,https://www.macaronigrill.com/termsofuse,http://www.macaronigrill.com/gift-cards,https://macaronigrill.fbmta.com/members/UpdateProfile.aspx?Action=Subscribe&_Theme=2147483913&Inputsource=W&_ga=2.137419832.989289297.1536072440-887341837.1532707403,https://www.macaronigrill.com/Assets/macaroni-grill-allergen-nutritional-guide.pdf,https://macaronigrill.fbmta.com/members/UpdateProfile.aspx?Action=Subscribe&_Theme=2147483913&Inputsource=W&_ga=2.137419832.989289297.1536072440-887341837.1532707403 ,http://www.macaronigrill.com/menus/menu/dine-in/dolce,http://www.macaronigrill.com/our-story,http://www.macaronigrill.com/online-ordering,https://www.inmoment.com/websurvey/2/execute#/1,https://macaronigrillcatering.olo.com/,http://www.macaronigrill.com/menus/menu/dine-in/brunch,http://www.macaronigrill.com/menus/menu/group-dining/catering,https://www.macaronigrill.com/privacy-policy,http://www.macaronigrill.com/catering,http://www.macaronigrill.com/menus/menu/group-dining/special-events,https://www.macaronigrill.com/locations/all-locations,http://www.macaronigrill.com/menus/menu/dine-in/kids,http://www.macaronigrill.com/menus/menu/dine-in/barra,https://get.adobe.com/reader/,http://macaronigrill.fbmta.com/members/UpdateProfile.aspx?Action=Subscribe&_Theme=2147483913&Inputsource=W,https://macaronigrillcareers.com/,http://www.macaronigrill.com/,http://www.macaronigrill.com/franchise-info
https://www.pfchangs.com/locations/us/ca/pleasanton/1330-stoneridge-mall-rd/9819-pleasanton.html,,,,
https://www.pfchangs.com/locations/us/ca/sunnyvale/390-w-el-camino-real/6900-sunnyvale.html,,,,
https://www.pfchangs.com/locations/us/ca/palo-alto/900-stanford-shopping-center/9911-palo-alto.html,,,,
http://www.kenzonapa.com/,,,,,https://guide.michelin.com/us/en/california/san-francisco/restaurant/lazy-bear,https://guide.michelin.com/us/en/california/santa-monica/restaurant/melisse,https://guide.michelin.com/us/en/california/san-francisco/restaurant/atelier-crenn,https://guide.michelin.com/us/en/california/carlsbad/restaurant/jeune-et-jolie,https://guide.michelin.com/us/en/booking-partnership-between-the-michelin-guide-and-open-table,https://guide.michelin.com/us/en/california/san-francisco/restaurant/san-ho-won,https://guide.michelin.com/us/en/california/us-los-angeles/restaurant/camphor,https://guide.michelin.com/us/en/california/mountain-view/restaurant/chez-tj,https://guide.michelin.com/us/en/california/healdsburg/restaurant/singlethread,https://guide.michelin.com/us/en/california/us-los-angeles/restaurant/manzke,https://guide.michelin.com/us/en/california/san-francisco/restaurant/angler-sf,https://guide.michelin.com/us/en/california/us-san-diego/restaurant/soichi,https://michelinguide.app.link/S5F47i2xsnb,https://guide.michelin.com/us/en/california/long-beach/restaurant/heritage-1196790,https://guide.michelin.com/us/en/california/us-los-angeles/restaurant/orsa-winston,https://guide.michelin.com/us/en/california/us-san-diego/restaurant/addison,https://www.viamichelin.com/,https://guide.michelin.com/us/en/california/san-francisco/restaurant/californios,https://guide.michelin.com/us/en/california/yountville/restaurant/the-french-laundry,https://www.youtube.com/user/MichelinRestaurants,https://guide.michelin.com/us/en/california/san-francisco/restaurant/nari,https://guide.michelin.com/us/en/california/carmel-by-the-sea/restaurant/aubergine,https://guide.michelin.com/us/en/california/healdsburg/restaurant/barndiva,https://guide.michelin.com/us/en/california/west-hollywood/restaurant/sushi-ginza-onodera-559850,https://www.michelin.com/eng/,https://guide.michelin.com/us/en/california/us-costa-mesa/restaurant/taco-maria,https://guide.michelin.com/us/en/california/san-anselmo/restaurant/madcap,https://guide.michelin.com/us/en/california/us-costa-mesa/restaurant/knife-pleat,https://guide.michelin.com/us/en/california/us-los-angeles/restaurant/shibumi-559644,https://guide.michelin.com/us/en/california/san-francisco/restaurant/avery,https://guide.michelin.com/us/en/california/paso-robles/restaurant/six-test-kitchen,https://guide.michelin.com/us/en/california/san-mateo/restaurant/wakuriya,https://guide.michelin.com/us/en/california/san-francisco/restaurant/quince,https://guide.michelin.com/us/en/california/san-francisco/restaurant/sons-daughters,https://userway.org,https://guide.michelin.com/us/en/california/us-los-angeles/restaurant/sushi-kaneyoshi,https://guide.michelin.com/us/en/article/michelin-star-revelation/michelin-guide-california-stars,https://guide.michelin.com/us/en/california/hollywood/restaurant/providence,https://guide.michelin.com/us/en/california/napa/restaurant/kenzo,https://guide.michelin.com/us/en/california/us-sacramento/restaurant/the-kitchen-559371,https://guide.michelin.com/us/en/california/los-alamos/restaurant/bell-s,https://guide.michelin.com/us/en/california/redwood-city/restaurant/sushi-shin-1195403,https://guide.michelin.com/us/en/california/saint-helena/restaurant/press,https://guide.michelin.com/us/en/california/encino/restaurant/shin-sushi,https://guide.michelin.com/us/en/california/hollywood/restaurant/kali,https://guide.michelin.com/us/en/california/san-francisco/restaurant/kin-khao,https://guide.michelin.com/us/en/california/torrance/restaurant/sushi-i-naba,https://guide.michelin.com/us/en/california/san-francisco/restaurant/birdsong,https://guide.michelin.com/us/en/california/san-francisco/restaurant/the-progress,https://guide.michelin.com/us/en/california/montecito/restaurant/caruso-s,https://guide.michelin.com/us/en/california/beverly-hills/restaurant/gucci-osteria-da-massimo-bottura-1190961,https://guide.michelin.com/us/en/california/san-mateo/restaurant/sushi-yoshizumi,https://guide.michelin.com/us/en/california/san-francisco/restaurant/niku-steakhouse,https://guide.michelin.com/us/en/california/san-francisco/restaurant/gary-danko,https://guide.michelin.com/us/en/california/beverly-hills/restaurant/maude,https://guide.michelin.com/us/en/california/elk/restaurant/harbor-house,https://guide.michelin.com/us/en/california/san-francisco/restaurant/mister-jiuâ€™s,https://guide.michelin.com/us/en/california/san-francisco/restaurant/o-by-claude-le-tohic,https://guide.michelin.com/us/en/california/san-francisco/restaurant/the-shota,https://guide.michelin.com/us/en/california/palo-alto/restaurant/protege,https://guide.michelin.com/us/en/california/san-francisco/restaurant/osito,https://guide.michelin.com/us/en/california/san-francisco/restaurant/benu,https://www.michelinman.com/US/en/tires.html,https://guide.michelin.com/us/en/california/oakland/restaurant/commis,https://guide.michelin.com/us/en/california/san-francisco/restaurant/nisei,https://guide.michelin.com/us/en/california/us-sacramento/restaurant/localis,https://guide.michelin.com/us/en/california/san-francisco/restaurant/sorrel,https://guide.michelin.com/us/en/california/rutherford/restaurant/auberge-du-soleil,https://guide.michelin.com/us/en/california/santa-monica/restaurant/citrin,https://guide.michelin.com/us/en/california/us-los-angeles/restaurant/morihiro,https://manage.userway.org/?null,https://guide.michelin.com/us/en/california/atherton/restaurant/selby-s,https://guide.michelin.com/us/en/california/san-francisco/restaurant/saison,https://guide.michelin.com/us/en/california/us-san-diego/restaurant/sushi-tadokoro,https://guide.michelin.com/us/en/california/san-francisco/restaurant/ssal,https://guide.michelin.com/us/en/california/us-los-angeles/restaurant/hayato,https://guide.michelin.com/us/en/california/us-los-angeles/restaurant/n-naka,https://guide.michelin.com/us/en/california/us-los-angeles/restaurant/gwen,https://guide.michelin.com/us/en/california/san-francisco/restaurant/state-bird-provisions,https://guide.michelin.com/us/en/california/paso-robles/restaurant/the-restaurant-at-justin,https://guide.michelin.com/us/en/booking-partnership-between-the-michelin-guide-and-resy,https://guide.michelin.com/us/en/california/us-los-angeles/restaurant/q-sushi,https://guide.michelin.com/us/en/california/geyserville/restaurant/cyrus,https://guide.michelin.com/us/en/california/beverly-hills/restaurant/nozawa-bar,https://guide.michelin.com/us/en/article/michelin-star-revelation/michelin-guide-star-ceremony-california-san-francisco-los-angeles-san-diego-bib-gourmand,https://guide.michelin.com/us/en/california/calistoga/restaurant/auro,https://guide.michelin.com/us/en/california/san-francisco/restaurant/acquerello,https://guide.michelin.com/us/en/california/woodside/restaurant/the-village-pub,https://guide.michelin.com/us/en/california/saratoga/restaurant/plumed-horse,https://guide.michelin.com/us/en/california/us-los-angeles/restaurant/715,https://guide.michelin.com/us/en/california/oceanside/restaurant/valle,https://guide.michelin.com/us/en/california/san-francisco/restaurant/bar-crenn,https://guide.michelin.com/us/en/california/us-costa-mesa/restaurant/hana-re,https://guide.michelin.com/us/en/california/us-los-angeles/restaurant/osteria-mozza,https://guide.michelin.com/us/en/california/carmel-by-the-sea/restaurant/chez-noir,https://guide.michelin.com/us/en/california/san-francisco/restaurant/aphotic,https://guide.michelin.com/us/en/california/us-los-angeles/restaurant/kato,https://guide.michelin.com/us/en/california/encino/restaurant/pasta-bar
http://monsoonhimalayancuisine.com/,,,,
http://www.risepizzeria.com/,"http://maps.google.com/maps?daddr=37.576905576275166,-122.34919866299322",,,,https://www.yelp.com/collections,https://de.foursquare.com/risepizz2928015,https://www.linkedin.com/company/bentobox/,https://www.getbento.com/sign-up/,https://www.yelp.com/static?p=tos,https://ru.foursquare.com/risepizz2928015,https://www.getbento.com/resources/demo/platform-demo,https://careers.getbento.com/,https://www.yelpblog.com/section/business,https://status.getbento.com/,https://www.toasttab.com/rise-pizzeria-2-n-b-st/giftcards?utmCampaign=onlineOrdering,http://blog.toasttab.com/?source=footer,https://pt.foursquare.com/risepizz2928015,https://support.google.com/maps/?hl=en&authuser=0&p=no_javascript,https://media-cdn.getbento.com/accounts/28c103bc3c4388b16176074d3e75b66d/media/jrIyRBwkQAi09PdOrYyb_Rise Pizzeria Party Program (5.30.23).pdf,https://www.yelp.com/about,https://www.yelp.com/yelpmobile?source=footer,https://business.yelp.com?utm_source=footer&utm_medium=www&utm_content=claim_footer_link&utm_campaign=claim_business,http://blog.foursquare.com,https://www.yelp.com/nearme/pizza,https://www.getbento.com/bento-promotions/,https://foursquare.com/products/privacy-policies-overview/,https://www.yelp.com/rss,https://www.risepizzeria.com/private-events/,https://location.foursquare.com/legal/your-privacy-choices,https://www.yelp.com/costs,http://www.opentable.com/single.aspx?rid=335161&ref=9601,https://www.yelp.com/biz_redir?cachebuster=1694272754&s=62c789fa75ff4d581e94969398b96329518be24ddac0e4051e07a2b9dc55237d&src_bizid=3mnulHs_h4wTxrHUHqCILw&url=https%3A%2F%2Fwww.risepizzeria.com%2Fmenus&website_link_type=menu,http://www.getbento.com/products/restaurant-websites/,https://media-cdn.getbento.com/accounts/28c103bc3c4388b16176074d3e75b66d/media/I30i1ULoRkWYgmVhiZao_Rise Pizzeria Party Program (5.30.23).pdf,https://www.yelp-support.com/,https://www.yelp.com/nearme/italian-restaurants,https://www.yelp.com/nearme/italian-places,http://pos.toasttab.com/?source=footer,https://foursquare.com,https://www.yelp.com/nearme/pizza-hut,https://restaurants.yelp.com/products/waitlist-table-management-software/,https://es.foursquare.com/risepizz2928015,https://trust.yelp.com,https://www.yelp.com/tos/privacy_policy,https://www.yelp.com/developers?country=US,http://developer.foursquare.com,http://pos.toasttab.com/terms-of-service,https://www.yelp-support.com/article/Your-Privacy-Choices?l=en_US,https://www.tripadvisor.com/Restaurant_Review-g32124-d13223551-Reviews-Rise_Pizzeria-Burlingame_California.html,https://www.yelp-support.com/article/Yelp-Accessibility-Statement,https://foursquare.com/v/rise-pizzeria/5844db551b36d42af4d44133,https://www.yelp.com/biz_photos/rise-pizzeria-burlingame-burlingame?select=h6V1okMAHUNAISMtxF8fPA,https://www.yelp.com/events,http://pos.toasttab.com/privacy,https://getbento.com/features/restaurant-private-events/?utm_source=header&utm_campaign=risepizzeria.com,https://blog.yelp.com/,http://www.risepizzeria.com,https://www.yelp.com/static?p=tos#third-parties,https://www.yelp.com/guidelines,https://business.yelp.com/resources/case-studies,https://business.yelp.com,https://www.risepizzeria.com,https://www.yelp.com/biz/rise-pizzeria-burlingame-3,https://help.getbento.com/hc/en-us,https://getbento.com/features/restaurant-private-events/?utm_source=footer&utm_campaign=risepizzeria.com,https://ja.foursquare.com/risepizz2928015,https://getbento.com/referral-terms,https://th.foursquare.com/risepizz2928015,https://biz.yelp.com/login,https://www.getbento.com/resources/referral-partner-program/,https://foursquare.com/risepizz2928015,https://www.grubhub.com/restaurant/rise-pizzeria-1451-burlingame-ave-burlingame/754381?affiliate=1131&utm_source=foursquare-affiliate-network&utm_medium=affiliate&utm_campaign=1131&utm_content=754381,https://www.yelp.com/talk,http://www.getbento.com/products/online-ordering/,http://yelp-ir.com/,https://www.yelp.com/reviews-trust-link-tree?l=en_US,https://ko.foursquare.com/risepizz2928015,https://www.toasttab.com/rise-pizzeria-2-n-b-st/v3,https://www.yelp.com/biz_photos/rise-pizzeria-burlingame-burlingame?select=s-M_Dz0SOTcqO5PyO9RcXg,https://www.yelp-support.com/Yelp_for_Business?l=en_US,https://www.yelp.com/biz_photos/rise-pizzeria-burlingame-burlingame?select=xrVe1oAI97UolwohW5hb4w,https://getbento.com/?utm_source=footer&utm_campaign=risepizzeria.com,https://www.yelp.com/careers/home,https://id.foursquare.com/risepizz2928015,https://www.yelp.com/press,https://getbento.com/login/,https://restaurants.yelp.com/,https://business.yelp.com/products/yelp-ads,https://foursquare.com/help,https://www.getbento.com/bentobox-support/,https://fr.foursquare.com/risepizz2928015,https://www.google.com/maps/uv?hl=en&pb=!1s0x808f9df121f9ec57%3A0x6950502792a4ec5a!3m1!7e115!4shttps%3A%2F%2Flh5.googleusercontent.com%2Fp%2FAF1QipO40St3isG1S_O8FK3nv84KGx-vw0-42JGq2qdh%3Dw141-h160-k-no!5srise%20pizzeria%20-%20Google%20Search!15sCgIgARICCAI&imagekey=!1e10!2sAF1QipPC4LLPQm7yzJs4atpRok4Z33vRAGrL2zUPTkVa&sa=X&ved=2ahUKEwjH9L2x9abmAhUQv54KHSO4DsMQoiowCnoECA4QBg,https://getbento.com/?utm_source=header&utm_campaign=risepizzeria.com,https://www.getbento.com/resources/referral-program/,https://tr.foursquare.com/risepizz2928015,http://business.foursquare.com,https://www.getbento.com/case-studies/harborview-san-francisco-restaurant-website/,https://it.foursquare.com/risepizz2928015
